"SourceTable","IdNo","Active","DatabaseName","ReportCode","ReportFileName","ReportName"
"Report","53","0","IGROUPCLINIC","53","AccBalanceSheet","AccBalanceSheet"
"Report","55","1","IGROUPCLINIC","55","AccLedgerSummary","AccLedgerSummary"
"Report","42","1","IGROUPCLINIC","42","AccountsGroupList","AccountsGroupList"
"Report","52","0","IGROUPCLINIC","52","AccountsIncomeExpenses","AccountsIncomeExpenses"
"Report","43","1","IGROUPCLINIC","43","AccountsJournal","AccountsJournal"
"Report","44","1","IGROUPCLINIC","44","AccountsJournal","AccountsJournal"
"Report","45","1","IGROUPCLINIC","45","AccountsJournal","AccountsJournal"
"Report","46","1","IGROUPCLINIC","46","AccountsJournal","AccountsJournal"
"Report","47","1","IGROUPCLINIC","47","AccountsJournal","AccountsJournal"
"Report","48","1","IGROUPCLINIC","48","AccountsJournal","AccountsJournal"
"Report","49","1","IGROUPCLINIC","49","AccountsJournal","AccountsJournal"
"Report","3","1","IGROUPCLINIC","3","AccountsLedger","AccountsLedger"
"Report","51","1","IGROUPCLINIC","51","AccountsLedger","AccountsLedger"
"Report","4","1","IGROUPCLINIC","4","AccountsPnL","AccountsPnL"
"Report","50","0","IGROUPCLINIC","50","ACCTrialBalanceNew","ACCTrialBalanceNew"
"Report","56","1","IGROUPCLINIC","56","AgeingSummary","AgeingSummary"
"Report","5","0","IGROUPCLINIC","5","BestInventoryReport","BestInventoryReport"
"Report","6","0","IGROUPCLINIC","6","BestQtySoldPieGraph","BestQtySoldPieGraph"
"Report","149","1","IGROUPCLINIC","126","Cash Income Summary Per Month Per Service Per Doctor","Cash Income Summary Per Month Per Service Per Doctor Excluding Vat"
"Report","344","1","Kizen","219","Cash Posting Summary","Cash Posting Summary"
"Report","83","0","IGROUPCLINIC","83","ClinicCreditStatement","ClinicCreditStatement"
"Report","66","0","IGROUPCLINIC","66","ClinicDailyCreditInvoice","ClinicDailyCreditInvoice"
"Report","57","0","IGROUPCLINIC","57","ClinicDailyReceptionInvoice","ClinicDailyReceptionInvoice"
"Report","58","0","IGROUPCLINIC","58","ClinicDailyReceptionInvoice","ClinicDailyReceptionInvoice"
"Report","70","0","IGROUPCLINIC","70","ClinicDailyReceptionInvoice","ClinicDailyReceptionInvoice"
"Report","71","0","IGROUPCLINIC","71","ClinicDailyReceptionInvoice","ClinicDailyReceptionInvoice"
"Report","84","0","IGROUPCLINIC","84","ClinicDailyReceptionInvoice","ClinicDailyReceptionInvoice"
"Report","85","0","IGROUPCLINIC","85","ClinicDailyReceptionInvoice","ClinicDailyReceptionInvoice"
"Report","86","0","IGROUPCLINIC","86","ClinicDailyReceptionInvoice","ClinicDailyReceptionInvoice"
"Report","54","0","IGROUPCLINIC","54","ClinicDailyReceptionInvoiceSummary","ClinicDailyReceptionInvoiceSummary"
"Report","62","0","IGROUPCLINIC","62","ClinicDailyReceptionUserWise","ClinicDailyReceptionUserWise"
"Report","72","0","IGROUPCLINIC","72","ClinicDailyReceptionUserWise","ClinicDailyReceptionUserWise"
"Report","73","0","IGROUPCLINIC","73","ClinicDailyReceptionUserWise","ClinicDailyReceptionUserWise"
"Report","87","0","IGROUPCLINIC","87","ClinicDailyReceptionUserWise","ClinicDailyReceptionUserWise"
"Report","97","0","IGROUPCLINIC","97","ClinicDailyReceptionUserWise","ClinicDailyReceptionUserWise"
"Report","82","0","IGROUPCLINIC","82","ClinicDateWiseVATStatement","ClinicDateWiseVATStatement"
"Report","68","0","IGROUPCLINIC","68","ClinicDeductableStatement","ClinicDeductableStatement"
"Report","69","0","IGROUPCLINIC","69","ClinicDeductableStatementSummary","ClinicDeductableStatementSummary"
"Report","61","0","IGROUPCLINIC","61","ClinicDoctorWiseTimeFrame","ClinicDoctorWiseTimeFrame"
"Report","74","0","IGROUPCLINIC","74","ClinicIBCombinedUserWiseDetailedStatement","ClinicIBCombinedUserWiseDetailedStatement"
"Report","81","0","IGROUPCLINIC","81","ClinicInvoiceWiseVATSummaryStatement","ClinicInvoiceWiseVATSummaryStatement"
"Report","76","0","IGROUPCLINIC","76","ClinicReportUserWiseTotal","ClinicReportUserWiseTotal"
"Report","77","0","IGROUPCLINIC","77","ClinicReportUserWiseTotal","ClinicReportUserWiseTotal"
"Report","88","0","IGROUPCLINIC","88","ClinicReportUserWiseTotal","ClinicReportUserWiseTotal"
"Report","65","0","IGROUPCLINIC","65","ClinicServiceWiseSalesHistory","ClinicServiceWiseSalesHistory"
"Report","98","0","IGROUPCLINIC","98","ClinicServiceWiseSalesHistory","ClinicServiceWiseSalesHistory"
"Report","63","1","IGROUPCLINIC","63","CombinedReportDateWise","CombinedReportDateWise"
"Report","60","0","IGROUPCLINIC","60","CombinedSummaryStatementDateWise","CombinedSummaryStatementDateWise"
"Report","106","1","IGROUPCLINIC","106","CompanyCreditInvoiceSummaryList","CreditCoMonthlySubmissionSummary"
"Report","196","1","IGROUPCLINIC","134","CompanyMonthlyInvoiceNew","Company Monthly Invoice"
"Report","111","1","IGROUPCLINIC","111","CompanyStatement","CompanyStatement"
"Report","114","1","IGROUPCLINIC","114","CompanyStatementDateWise","CompanyStatementDateWise"
"Report","7","0","IGROUPCLINIC","7","CompanyStatementDateWise","CompanyStatementDateWise"
"Report","351","1","KIZEN","219","Comparative Credit Company Invoice Summary Per Month.rpt","Comparative Credit Company Invoice Summary Per Month.rpt"
"Report","241","1","Kizen","219","Credit Company Detailed Posting Summary","Credit Company Detailed Posting Summary"
"Report","350","1","KIZEN","219","Credit Company Invoice Summary Per Month.rpt","Credit Company Invoice Summary Per Month.rpt"
"Report","237","1","Kizen","219","Credit Company Posting Summary","Credit Company Posting Summary"
"Report","105","1","IGROUPCLINIC","105","CreditCoMonthlySubmission","CreditCoMonthlySubmission"
"Report","348","1","BIOTIME","ATT02","Daily Employee Punch Audit Report.rpt","Daily Employee Punch Audit Report"
"Report","93","1","IGROUPCLINIC","93","DateWiseDutyDone","DateWiseDutyDone"
"Report","128","1","IGROUPCLINIC","DTRB","Diagnostic Result Report Iqama-Baladiya","Diagnostic Test Result (Baladiya/Health Card) (IGroup)"
"Report","223","1","IGROUPCLINIC","DTRI","Diagnostic Result Report Iqama-Baladiya","Diagnostic Test Result (Iqama) (IGroup)"
"Report","122","1","IGROUPCLINIC","120","Diagnostic Summary Report","Iqama Diagnostic Test Summary"
"Report","133","1","IGROUPCLINIC","122","Diagnostic Summary Report","Driving License Diagnostic Test Summary"
"Report","139","1","IGROUPCLINIC","123","Diagnostic Summary Report","Food Delivery Diagnostic Test Summary"
"Report","1","0","IGROUPCLINIC","1","DisplayChartOfAccount","DisplayChartOfAccount"
"Report","80","0","IGROUPCLINIC","80","DoctorsDailyIncomeReport","DoctorsDailyIncomeReport"
"Report","194","1","IGROUPCLINIC","133","DosageLabel.Rpt","DosageLabel.Rpt"
"Report","349","1","BIOTIME","ATT03","Employee Absence & Leave Report.rpt","Employee Absence & Leave Report"
"Report","219","1","ISPDATA","EMPD","Employee Payroll Details","Employee Payroll Details"
"Report","187","1","","131","Expiry Label.rpt","Expiry Labels"
"Report","9","0","IGROUPCLINIC","9","ExpiryList","ExpiryList"
"Report","10","0","IGROUPCLINIC","10","ExpiryListPeriodic","ExpiryListPeriodic"
"Report","103","1","IGROUPCLINIC","103","IB Driving License Report","List of Driving License Test (IGroup)"
"Report","99","1","IGROUPCLINIC","99","IB Food Delivery Report","List of Food Delivery Test (IGroup)"
"Report","101","1","IGROUPCLINIC","101","IB Health Card (Baladiya) Report","List of Health Card (Baladiya) Test (IGroup)"
"Report","102","1","IGROUPCLINIC","102","IB Iqama Report","List of Iqama Test (IGroup)"
"Report","78","0","IGROUPCLINIC","78","IBCombinedDoctorWiseSummaryStatement","IBCombinedDoctorWiseSummaryStatement"
"Report","59","0","IGROUPCLINIC","59","IBCombinedUserWiseSummaryStatement","IBCombinedUserWiseSummaryStatement"
"Report","94","0","IGROUPCLINIC","94","IBDailyReceptionInvoice","IBDailyReceptionInvoice"
"Report","95","0","IGROUPCLINIC","95","IBDailyReceptionInvoice","IBDailyReceptionInvoice"
"Report","96","0","IGROUPCLINIC","96","IBDailyReceptionInvoiceSummary","IBDailyReceptionInvoiceSummary"
"Report","104","0","IGROUPCLINIC","104","IBSalesManSummary","IBSalesManSummary"
"Report","242","1","Kizen","103","Income per hour per Doctor for the given period.rpt","Income per hour per Doctor for the given period"
"Report","75","1","IGROUPCLINIC","75","InsuranceActualSummary","InsuranceActualSummary"
"Report","108","1","IGROUPCLINIC","108","InsuranceBupaEclaimRep","InsuranceBupaEclaimRep"
"Report","117","1","IGROUPCLINIC","117","InsuranceBupaEclaimSubmission","InsuranceBupaEclaimSubmission"
"Report","115","0","IGROUPCLINIC","115","InsuranceCarsEclaim","InsuranceCarsEclaim"
"Report","116","0","IGROUPCLINIC","116","InsuranceCarsEclaimNew","InsuranceCarsEclaimNew"
"Report","109","1","IGROUPCLINIC","109","InsuranceGlobeMedEclaim","InsuranceGlobeMedEclaim"
"Report","113","0","IGROUPCLINIC","113","InsurancePriceList","InsurancePriceList"
"Report","110","1","IGROUPCLINIC","110","InsuranceStatement","InsuranceStatement"
"Report","107","1","IGROUPCLINIC","107","InsuranceSummary","InsuranceSummary"
"Report","112","1","IGROUPCLINIC","112","InsuranceSummaryOfAccount","InsuranceSummaryOfAccount"
"Report","176","1","IGROUPCLINIC","129","Invoice List Per Company","Invoice List Per Company New"
"Report","203","1","IGROUPCLINIC","135","Invoice List Per Company New","Invoice List Per Company"
"Report","40","0","IGROUPCLINIC","40","InvoiceSummaryTimeWiseGraph","InvoiceSummaryTimeWiseGraph"
"Report","11","0","IGROUPCLINIC","11","InvStockTransferred","InvStockTransferred"
"Report","12","0","IGROUPCLINIC","12","InvStockTransferred","InvStockTransferred"
"Report","224","0","IGROUPCLINIC","BDRR","Iqama-Baladiya Diagnostic Result Report","Baladiya (Health Card) Diagnostic Result Report"
"Report","16","0","IGROUPCLINIC","16","ItemMovementReportFromOS","ItemMovementReportFromOS"
"Report","15","0","IGROUPCLINIC","15","ItemMovementReportPeriodic","ItemMovementReportPeriodic"
"Report","23","0","IGROUPCLINIC","23","ItemWisePurchaseHistory","ItemWisePurchaseHistory"
"Report","209","1","IGROUPCLINIC","136","Laboratory Clinic Sample Taken List","Laboratory Clinic Sample Taken List (IGroup)"
"Report","228","1","Kizen","101","List of Baladiya Test","List of Health Card (Baladiya) Test (Kizen)"
"Report","229","1","Kizen","219","List of Credit Company Invoices by File Number","List of Credit Company Invoices by File Number (Complete)"
"Report","238","1","Kizen","219","List of Credit Company Invoices by File Number Excluding Returns","List of Credit Company Invoices by File Number Excluding Returns"
"Report","236","1","Kizen","219","List of Credit Company Invoices By Invoice Number","List of Credit Company Invoices By Invoice Number (Complete)"
"Report","239","1","Kizen","219","List of Credit Company Invoices By Invoice Number Excluding Returns","List of Credit Company Invoices By Invoice Number Excluding Returns"
"Report","227","1","Kizen","101","List of Driver License Test","List of Driving License Test (Kizen)"
"Report","231","1","Kizen","101","List of Food Delivery Test","List of Food Delivery Test (Kizen)"
"Report","225","1","Kizen","101","List of Iqama Test","List of Iqama Test (Kizen)"
"Report","89","0","IGROUPCLINIC","89","ListingDetails","ListingDetails"
"Report","100","0","IGROUPCLINIC","100","ListofDailyPatients","ListofDailyPatients"
"Report","67","0","IGROUPCLINIC","67","ListofDailyPatients","ListofDailyPatients"
"Report","214","1","IGROUPCLINIC","214","MOH Clinic Report","MOH Clinic Report (IGroup)"
"Report","232","1","KIZEN","214","MOH Clinic Report All Nationalities","MOH Clinic Report All Nationalities (Kizen)"
"Report","233","1","KIZEN","214","MOH Clinic Report Saudi and Expats","MOH Clinic Report Saudis And Expats Kizen)"
"Report","218","1","IGROUPCLINIC","218","MOH Diagnostic Center Report","MOH Diagnostic Center Report (IGroup)"
"Report","234","1","KIZEN","218","MOH Diagnostic Center Report","MOH Diagnostic Center Report (Kizen)"
"Report","79","1","IGROUPCLINIC","79","MOHReportClinic","MOHReportClinic"
"Report","155","1","IGROUPCLINIC","127","Number of Patients per Doctor per Day","Number of Patients per Doctor per Day"
"Report","121","1","IGROUPCLINIC","119","Number of Patients Per Doctor Per Month","Number of Patients Per Doctor Per Month"
"Report","13","0","IGROUPCLINIC","13","OpeningStock","OpeningStock"
"Report","91","0","IGROUPCLINIC","91","PayRDependentDetails","PayRDependentDetails"
"Report","90","0","IGROUPCLINIC","90","PayRIPVDetails","PayRIPVDetails"
"Report","92","0","IGROUPCLINIC","92","PayRIPVDetails","PayRIPVDetails"
"Report","347","1","BIOTIME","ATT01","Periodic Attendance Report.rpt","Periodic Attendance Report"
"Report","41","0","IGROUPCLINIC","41","PharmacyCreditStatement","PharmacyCreditStatement"
"Report","30","0","IGROUPCLINIC","30","PharmacyDailySalesInvoice","PharmacyDailySalesInvoice"
"Report","31","0","IGROUPCLINIC","31","PharmacyDailySalesInvoiceSummary","PharmacyDailySalesInvoiceSummary"
"Report","38","0","IGROUPCLINIC","38","PharmacyDailySalesInvoiceSummaryTimeWise","PharmacyDailySalesInvoiceSummaryTimeWise"
"Report","39","0","IGROUPCLINIC","39","PharmacyDailySalesInvoiceSummaryTimeWise1","PharmacyDailySalesInvoiceSummaryTimeWise1"
"Report","26","0","IGROUPCLINIC","26","PharmacyDailySalesUserWise","PharmacyDailySalesUserWise"
"Report","28","0","IGROUPCLINIC","28","PharmacyDateWiseVATStatement","PharmacyDateWiseVATStatement"
"Report","29","0","IGROUPCLINIC","29","PharmacyDateWiseVATStatement","PharmacyDateWiseVATStatement"
"Report","32","0","IGROUPCLINIC","32","PharmacyDateWiseVATStatement","PharmacyDateWiseVATStatement"
"Report","33","0","IGROUPCLINIC","33","PharmacyItemWiseSalesHistory","PharmacyItemWiseSalesHistory"
"Report","34","0","IGROUPCLINIC","34","PharmacyItemWiseSalesHistorySummary","PharmacyItemWiseSalesHistorySummary"
"Report","25","0","IGROUPCLINIC","25","PharmacyPurchaseVATStatement","PharmacyPurchaseVATStatement"
"Report","27","0","IGROUPCLINIC","27","PharmacySummaryStatementDateWise","PharmacySummaryStatementDateWise"
"Report","191","1","IGROUPCLINIC","132","PMR Doctors Form.Rpt","PMR Doctors Request"
"Report","21","0","IGROUPCLINIC","21","PurchaseOrder","PurchaseOrder"
"Report","17","0","IGROUPCLINIC","17","PurchaseOrderAnalysis","PurchaseOrderAnalysis"
"Report","22","0","IGROUPCLINIC","22","PurchaseReport","PurchaseReport"
"Report","20","0","IGROUPCLINIC","20","PurchaseReturnReport","PurchaseReturnReport"
"Report","18","0","IGROUPCLINIC","18","PurchaseSummaryReport","PurchaseSummaryReport"
"Report","19","0","IGROUPCLINIC","19","PurchaseSummaryReport","PurchaseSummaryReport"
"Report","140","1","IGROUPCLINIC","124","Revenue Sale Vat Report Summary","Revenue Sale Vat Report Summary"
"Report","342","1","Kizen","219","Revenue Summary Report From Receipts Per Day Per Clinic","Revenue Summary Report From Receipts Per Day Per Clinic"
"Report","64","0","IGROUPCLINIC","64","RevenueReportDoctorWisePatients","RevenueReportDoctorWisePatients"
"Report","36","0","IGROUPCLINIC","36","SaleProfitabilityDateWise","SaleProfitabilityDateWise"
"Report","35","0","IGROUPCLINIC","35","SaleProfitabilityInvoiceWise","SaleProfitabilityInvoiceWise"
"Report","37","0","IGROUPCLINIC","37","SaleProfitabilityItemWise","SaleProfitabilityItemWise"
"Report","343","1","ISPDATA","219","Statement of Employee Payments","Statement of Employee Payments"
"Report","14","0","IGROUPCLINIC","14","StockAdjustment","StockAdjustment"
"Report","181","1","IGROUPCLINIC","130","StockRegister","Stock Register Clinic"
"Report","8","0","IGROUPCLINIC","8","StockRegister","StockRegister"
"Report","235","1","","218","Stocks Consumption Report","Stocks Consumption Report"
"Report","24","0","IGROUPCLINIC","24","SupplierWisePurchaseHistory","SupplierWisePurchaseHistory"
"Report","221","1","ISPDATA","TOVRS","Total Output Vat Report (Summary)","Total Output Vat Report (Summary)"
"Report","222","1","ISPDATA","TPRS","Total Purchases Report (Summary)","Total Purchases Report (Summary)"
"Report","2","1","IGROUPCLINIC","2","UnpostedPayables","UnpostedPayables"
"ReportFile","1","1","","","BarcodePharmacy2.Rpt",""
"ReportFile","2","1","","","Expiry Label.rpt",""
